<?xml version="1.0" encoding="UTF-8"?>
<list enabled="false" xmlns:xsi="http://www.w3.org/2001/XMLSchema-instance" xsi:noNamespaceSchemaLocation="../xsd/spawnlist.xsd">
	<!-- gludio15_1621_01m1 -->
	<spawn zone="bot_zone_01">
		<AIData>
			<fleeX>-95152</fleeX>
			<fleeY>102304</fleeY>
			<fleeZ>-3552</fleeZ>
		</AIData>
		<npc id="113169" count="2" respawnDelay="60" respawnRandom="20" />
		<npc id="113170" count="2" respawnDelay="60" respawnRandom="20" />
		<npc id="113171" count="1" respawnDelay="60" respawnRandom="20" />
		<npc id="113172" count="1" respawnDelay="60" respawnRandom="20" />
	</spawn>
	<!-- gludio15_1621_02m1 -->
	<spawn zone="bot_zone_02">
		<AIData>
			<fleeX>-97392</fleeX>
			<fleeY>106816</fleeY>
			<fleeZ>-3392</fleeZ>
		</AIData>
		<npc id="113173" count="2" respawnDelay="60" respawnRandom="20" />
		<npc id="113174" count="2" respawnDelay="60" respawnRandom="20" />
		<npc id="113175" count="2" respawnDelay="60" respawnRandom="20" />
	</spawn>
	<!-- gludio15_1721_01m1 -->
	<spawn zone="bot_zone_03">
		<AIData>
			<fleeX>-95152</fleeX>
			<fleeY>102304</fleeY>
			<fleeZ>-3552</fleeZ>
		</AIData>
		<npc id="113176" count="2" respawnDelay="60" respawnRandom="20" />
		<npc id="113177" count="2" respawnDelay="60" respawnRandom="20" />
		<npc id="113178" count="2" respawnDelay="60" respawnRandom="20" />
		<npc id="113179" count="2" respawnDelay="60" respawnRandom="20" />
	</spawn>
	<!-- gludio15_1721_02m1 -->
	<spawn zone="bot_zone_04">
		<AIData>
			<fleeX>-94176</fleeX>
			<fleeY>100144</fleeY>
			<fleeZ>-3520</fleeZ>
		</AIData>
		<npc id="113169" count="4" respawnDelay="60" respawnRandom="20" />
		<npc id="113170" count="7" respawnDelay="60" respawnRandom="20" />
		<npc id="113171" count="6" respawnDelay="60" respawnRandom="20" />
		<npc id="113172" count="3" respawnDelay="60" respawnRandom="20" />
	</spawn>
	<!-- gludio15_1721_03m1 -->
	<spawn zone="bot_zone_05">
		<AIData>
			<fleeX>-90416</fleeX>
			<fleeY>100384</fleeY>
			<fleeZ>-3552</fleeZ>
		</AIData>
		<npc id="113173" count="2" respawnDelay="60" respawnRandom="20" />
		<npc id="113174" count="3" respawnDelay="60" respawnRandom="20" />
		<npc id="113175" count="3" respawnDelay="60" respawnRandom="20" />
		<npc id="113180" count="2" respawnDelay="60" respawnRandom="20" />
	</spawn>
	<!-- gludio15_1721_04m1 -->
	<spawn zone="bot_zone_06">
		<AIData>
			<fleeX>-88272</fleeX>
			<fleeY>103152</fleeY>
			<fleeZ>-3392</fleeZ>
		</AIData>
		<npc id="113172" count="2" respawnDelay="60" respawnRandom="20" />
		<npc id="113175" count="2" respawnDelay="60" respawnRandom="20" />
		<npc id="113177" count="2" respawnDelay="60" respawnRandom="20" />
		<npc id="113178" count="1" respawnDelay="60" respawnRandom="20" />
	</spawn>
	<!-- gludio15_1721_05m1 -->
	<spawn zone="bot_zone_07">
		<AIData>
			<fleeX>-97392</fleeX>
			<fleeY>106816</fleeY>
			<fleeZ>-3392</fleeZ>
		</AIData>
		<npc id="113172" count="2" respawnDelay="60" respawnRandom="20" />
		<npc id="113174" count="2" respawnDelay="60" respawnRandom="20" />
		<npc id="113175" count="2" respawnDelay="60" respawnRandom="20" />
		<npc id="113176" count="3" respawnDelay="60" respawnRandom="20" />
		<npc id="113177" count="3" respawnDelay="60" respawnRandom="20" />
	</spawn>
	<!-- gludio15_1721_06m1 -->
	<spawn zone="bot_zone_08">
		<AIData>
			<fleeX>-93392</fleeX>
			<fleeY>106368</fleeY>
			<fleeZ>-3696</fleeZ>
		</AIData>
		<npc id="113171" count="2" respawnDelay="60" respawnRandom="20" />
		<npc id="113172" count="2" respawnDelay="60" respawnRandom="20" />
		<npc id="113174" count="2" respawnDelay="60" respawnRandom="20" />
		<npc id="113175" count="2" respawnDelay="60" respawnRandom="20" />
		<npc id="113176" count="2" respawnDelay="60" respawnRandom="20" />
	</spawn>
	<!-- gludio15_1721_07m1 -->
	<spawn zone="bot_zone_09">
		<AIData>
			<fleeX>-93424</fleeX>
			<fleeY>108016</fleeY>
			<fleeZ>-3872</fleeZ>
		</AIData>
		<npc id="113171" count="3" respawnDelay="60" respawnRandom="20" />
		<npc id="113173" count="2" respawnDelay="60" respawnRandom="20" />
		<npc id="113175" count="3" respawnDelay="60" respawnRandom="20" />
		<npc id="113177" count="2" respawnDelay="60" respawnRandom="20" />
	</spawn>
	<!-- gludio15_1721_08m1 -->
	<spawn zone="bot_zone_10">
		<AIData>
			<fleeX>-97200</fleeX>
			<fleeY>110528</fleeY>
			<fleeZ>-3472</fleeZ>
		</AIData>
		<npc id="113170" count="1" respawnDelay="60" respawnRandom="20" />
		<npc id="113171" count="1" respawnDelay="60" respawnRandom="20" />
		<npc id="113172" count="1" respawnDelay="60" respawnRandom="20" />
		<npc id="113173" count="1" respawnDelay="60" respawnRandom="20" />
		<npc id="113148" count="1" respawnDelay="60" respawnRandom="20" /> <!-- Lindvior -->
	</spawn>
	<!-- gludio15_1721_09m1 -->
	<spawn zone="bot_zone_11">
		<AIData>
			<fleeX>-97056</fleeX>
			<fleeY>114192</fleeY>
			<fleeZ>-3552</fleeZ>
		</AIData>
		<npc id="113173" count="2" respawnDelay="60" respawnRandom="20" />
		<npc id="113174" count="2" respawnDelay="60" respawnRandom="20" />
		<npc id="113175" count="2" respawnDelay="60" respawnRandom="20" />
		<npc id="113176" count="2" respawnDelay="60" respawnRandom="20" />
		<npc id="113177" count="2" respawnDelay="60" respawnRandom="20" />
	</spawn>
	<!-- gludio15_1721_10m1 -->
	<spawn zone="bot_zone_12">
		<AIData>
			<fleeX>-93888</fleeX>
			<fleeY>112432</fleeY>
			<fleeZ>-3696</fleeZ>
		</AIData>
		<npc id="113170" count="3" respawnDelay="60" respawnRandom="20" />
		<npc id="113171" count="3" respawnDelay="60" respawnRandom="20" />
		<npc id="113172" count="3" respawnDelay="60" respawnRandom="20" />
		<npc id="113173" count="3" respawnDelay="60" respawnRandom="20" />
		<npc id="113174" count="3" respawnDelay="60" respawnRandom="20" />
		<npc id="113175" count="3" respawnDelay="60" respawnRandom="20" />
	</spawn>
	<!-- gludio15_1721_11m1 -->
	<spawn zone="bot_zone_13">
		<AIData>
			<fleeX>-91552</fleeX>
			<fleeY>110112</fleeY>
			<fleeZ>-3536</fleeZ>
		</AIData>
		<npc id="113172" count="3" respawnDelay="60" respawnRandom="20" />
		<npc id="113173" count="3" respawnDelay="60" respawnRandom="20" />
		<npc id="113174" count="3" respawnDelay="60" respawnRandom="20" />
		<npc id="113175" count="3" respawnDelay="60" respawnRandom="20" />
		<npc id="113176" count="3" respawnDelay="60" respawnRandom="20" />
	</spawn>
	<!-- gludio15_1721_12m1 -->
	<spawn zone="bot_zone_14">
		<AIData>
			<fleeX>-97232</fleeX>
			<fleeY>117952</fleeY>
			<fleeZ>-3424</fleeZ>
		</AIData>
		<npc id="113171" count="2" respawnDelay="60" respawnRandom="20" />
		<npc id="113172" count="2" respawnDelay="60" respawnRandom="20" />
		<npc id="113173" count="2" respawnDelay="60" respawnRandom="20" />
		<npc id="113177" count="2" respawnDelay="60" respawnRandom="20" />
	</spawn>
	<!-- gludio15_1721_13m1 -->
	<spawn zone="bot_zone_15">
		<AIData>
			<fleeX>-93840</fleeX>
			<fleeY>117600</fleeY>
			<fleeZ>-3600</fleeZ>
		</AIData>
		<npc id="113169" count="3" respawnDelay="60" respawnRandom="20" />
		<npc id="113170" count="3" respawnDelay="60" respawnRandom="20" />
		<npc id="113171" count="4" respawnDelay="60" respawnRandom="20" />
		<npc id="113172" count="4" respawnDelay="60" respawnRandom="20" />
		<npc id="113173" count="4" respawnDelay="60" respawnRandom="20" />
		<npc id="113174" count="3" respawnDelay="60" respawnRandom="20" />
	</spawn>
	<!-- gludio15_1721_14m1 -->
	<spawn zone="bot_zone_16">
		<AIData>
			<fleeX>-91008</fleeX>
			<fleeY>114784</fleeY>
			<fleeZ>-3549</fleeZ>
		</AIData>
		<npc id="113169" count="3" respawnDelay="60" respawnRandom="20" />
		<npc id="113170" count="3" respawnDelay="60" respawnRandom="20" />
		<npc id="113171" count="4" respawnDelay="60" respawnRandom="20" />
		<npc id="113172" count="4" respawnDelay="60" respawnRandom="20" />
		<npc id="113173" count="3" respawnDelay="60" respawnRandom="20" />
	</spawn>
	<!-- gludio15_1721_15m1 -->
	<spawn zone="bot_zone_17">
		<AIData>
			<fleeX>-90560</fleeX>
			<fleeY>111488</fleeY>
			<fleeZ>-3456</fleeZ>
		</AIData>
		<npc id="113173" count="3" respawnDelay="60" respawnRandom="20" />
		<npc id="113174" count="3" respawnDelay="60" respawnRandom="20" />
		<npc id="113175" count="2" respawnDelay="60" respawnRandom="20" />
		<npc id="113176" count="3" respawnDelay="60" respawnRandom="20" />
		<npc id="113177" count="3" respawnDelay="60" respawnRandom="20" />
	</spawn>
	<!-- gludio15_1721_21sm1 -->
	<spawn zone="bot_zone_18">
		<AIData>
			<fleeX>-95152</fleeX>
			<fleeY>102304</fleeY>
			<fleeZ>-3552</fleeZ>
		</AIData>
		<npc id="113177" count="2" respawnDelay="60" respawnRandom="20" />
		<npc id="113178" count="2" respawnDelay="60" respawnRandom="20" />
	</spawn>
	<!-- gludio15_1721_23sm1 -->
	<spawn zone="bot_zone_19">
		<npc id="113175" count="2" respawnDelay="60" respawnRandom="20" />
		<npc id="113179" count="2" respawnDelay="60" respawnRandom="20" />
	</spawn>
	<!-- gludio15_1721_24sm1 -->
	<spawn zone="bot_zone_20">
		<npc id="113170" count="2" respawnDelay="60" respawnRandom="20" />
		<npc id="113180" count="2" respawnDelay="60" respawnRandom="20" />
	</spawn>
	<!-- gludio15_1721_25sm1 -->
	<spawn zone="bot_zone_21">
		<AIData>
			<fleeX>-97392</fleeX>
			<fleeY>106816</fleeY>
			<fleeZ>-3392</fleeZ>
		</AIData>
		<npc id="113171" count="1" respawnDelay="60" respawnRandom="20" />
		<npc id="113172" count="2" respawnDelay="60" respawnRandom="20" />
		<npc id="113173" count="2" respawnDelay="60" respawnRandom="20" />
	</spawn>
	<!-- gludio15_1721_26sm1 -->
	<spawn zone="bot_zone_22">
		<AIData>
			<fleeX>-93392</fleeX>
			<fleeY>106368</fleeY>
			<fleeZ>-3696</fleeZ>
		</AIData>
		<npc id="113174" count="2" respawnDelay="60" respawnRandom="20" />
		<npc id="113175" count="2" respawnDelay="60" respawnRandom="20" />
		<npc id="113179" count="1" respawnDelay="60" respawnRandom="20" />
	</spawn>
	<!-- gludio15_1721_27sm1 -->
	<spawn zone="bot_zone_23">
		<AIData>
			<fleeX>-93424</fleeX>
			<fleeY>108016</fleeY>
			<fleeZ>-3872</fleeZ>
		</AIData>
		<npc id="113175" count="2" respawnDelay="60" respawnRandom="20" />
		<npc id="113179" count="2" respawnDelay="60" respawnRandom="20" />
		<npc id="113180" count="1" respawnDelay="60" respawnRandom="20" />
	</spawn>
	<!-- gludio15_1721_28sm1 -->
	<spawn zone="bot_zone_24">
		<AIData>
			<fleeX>-97200</fleeX>
			<fleeY>110528</fleeY>
			<fleeZ>-3472</fleeZ>
		</AIData>
		<npc id="113175" count="2" respawnDelay="60" respawnRandom="20" />
		<npc id="113172" count="2" respawnDelay="60" respawnRandom="20" />
		<npc id="113178" count="1" respawnDelay="60" respawnRandom="20" />
	</spawn>
	<!-- gludio15_1721_29sm1 -->
	<spawn zone="bot_zone_25">
		<AIData>
			<fleeX>-91552</fleeX>
			<fleeY>110112</fleeY>
			<fleeZ>-3536</fleeZ>
		</AIData>
		<npc id="113173" count="2" respawnDelay="60" respawnRandom="20" />
		<npc id="113174" count="1" respawnDelay="60" respawnRandom="20" />
		<npc id="113175" count="1" respawnDelay="60" respawnRandom="20" />
	</spawn>
	<!-- gludio15_1721_30sm1 -->
	<spawn zone="bot_zone_26">
		<AIData>
			<fleeX>-90560</fleeX>
			<fleeY>111488</fleeY>
			<fleeZ>-3456</fleeZ>
		</AIData>
		<npc id="113172" count="2" respawnDelay="60" respawnRandom="20" />
		<npc id="113173" count="1" respawnDelay="60" respawnRandom="20" />
	</spawn>
	<!-- gludio15_1721_31sm1 -->
	<spawn zone="bot_zone_27">
		<AIData>
			<fleeX>-93888</fleeX>
			<fleeY>112432</fleeY>
			<fleeZ>-3696</fleeZ>
		</AIData>
		<npc id="113169" count="4" respawnDelay="60" respawnRandom="20" />
		<npc id="113170" count="2" respawnDelay="60" respawnRandom="20" />
		<npc id="113171" count="2" respawnDelay="60" respawnRandom="20" />
	</spawn>
	<!-- gludio15_1721_32sm1 -->
	<spawn zone="bot_zone_28">
		<AIData>
			<fleeX>-97056</fleeX>
			<fleeY>114192</fleeY>
			<fleeZ>-3552</fleeZ>
		</AIData>
		<npc id="113176" count="2" respawnDelay="60" respawnRandom="20" />
		<npc id="113177" count="2" respawnDelay="60" respawnRandom="20" />
		<npc id="113180" count="1" respawnDelay="60" respawnRandom="20" />
	</spawn>
	<!-- gludio15_1721_33sm1 -->
	<spawn zone="bot_zone_29">
		<AIData>
			<fleeX>-97232</fleeX>
			<fleeY>117952</fleeY>
			<fleeZ>-3424</fleeZ>
		</AIData>
		<npc id="113173" count="1" respawnDelay="60" respawnRandom="20" />
		<npc id="113174" count="2" respawnDelay="60" respawnRandom="20" />
		<npc id="113175" count="1" respawnDelay="60" respawnRandom="20" />
	</spawn>
	<!-- gludio15_1721_34sm1 -->
	<spawn zone="bot_zone_30">
		<AIData>
			<fleeX>-93840</fleeX>
			<fleeY>117600</fleeY>
			<fleeZ>-3600</fleeZ>
		</AIData>
		<npc id="113178" count="2" respawnDelay="60" respawnRandom="20" />
		<npc id="113179" count="2" respawnDelay="60" respawnRandom="20" />
		<npc id="113180" count="1" respawnDelay="60" respawnRandom="20" />
	</spawn>
	<!-- gludio15_1721_35sm1 -->
	<spawn zone="bot_zone_31">
		<AIData>
			<fleeX>-92032</fleeX>
			<fleeY>119280</fleeY>
			<fleeZ>-3488</fleeZ>
		</AIData>
		<npc id="113171" count="2" respawnDelay="60" respawnRandom="20" />
		<npc id="113172" count="1" respawnDelay="60" respawnRandom="20" />
		<npc id="113173" count="1" respawnDelay="60" respawnRandom="20" />
	</spawn>
	<!-- gludio15_1721_36sm1 -->
	<spawn zone="bot_zone_32">
		<AIData>
			<fleeX>-91008</fleeX>
			<fleeY>114784</fleeY>
			<fleeZ>-3549</fleeZ>
		</AIData>
		<npc id="113173" count="4" respawnDelay="60" respawnRandom="20" />
		<npc id="113174" count="3" respawnDelay="60" respawnRandom="20" />
		<npc id="113175" count="3" respawnDelay="60" respawnRandom="20" />
	</spawn>
</list>
