<?xml version="1.0" encoding="UTF-8"?>
<list xmlns:xsi="http://www.w3.org/2001/XMLSchema-instance" xsi:noNamespaceSchemaLocation="../../../xsd/npcs.xsd">
	<npc id="113169" level="55" displayId="13169" usingServerSideName="true" title="L2J NPC Bot" usingServerSideTitle="true" type="L2Npc" name="Human Male Mercenary">
		<!-- Confirmed CT2.5 -->
		<race>HUMAN</race>
		<sex>MALE</sex>
		<stats str="40" int="21" dex="30" wit="20" con="43" men="25">
			<vitals hp="1673.05473" hpRegen="6.5" mp="889.8" mpRegen="2.4" />
			<attack physical="388.11142" magical="265.02979" random="10" critical="4" accuracy="4.75" attackSpeed="253" type="FIST" range="40" distance="80" width="120" />
			<defence physical="223.6362" magical="163.64727" />
			<attribute>
				<defence fire="20" water="20" wind="20" earth="20" holy="20" dark="20" />
			</attribute>
			<speed>
				<walk ground="50" />
				<run ground="180" />
			</speed>
		</stats>
		<status undying="false" />
		<skillList>
			<skill id="4408" level="1" /> <!--HP Increase (1x) -->
			<skill id="4409" level="1" /> <!--MP Increase (1x) -->
			<skill id="4410" level="11" /> <!--Average P. Atk. -->
			<skill id="4411" level="11" /> <!--Average M. Atk. -->
			<skill id="4412" level="11" /> <!--Average P. Def. -->
			<skill id="4413" level="11" /> <!--Average M. Def. -->
			<skill id="4414" level="2" /> <!--Standard Type -->
			<skill id="4415" level="1" /> <!--Bare Hands -->
			<skill id="4416" level="14" /> <!--Humans -->
		</skillList>
		<shots soul="2" spirit="2" />
		<exCrtEffect>false</exCrtEffect>
		<ai type="BALANCED" />
		<collision>
			<radius normal="8" />
			<height normal="24" />
		</collision>
	</npc>
	<npc id="113170" level="55" displayId="13170" usingServerSideName="true" title="L2J NPC Bot" usingServerSideTitle="true" type="L2Npc" name="Male Elf Mercenary">
		<!-- Confirmed CT2.5 -->
		<race>ELF</race>
		<sex>MALE</sex>
		<stats str="40" int="21" dex="30" wit="20" con="43" men="25">
			<vitals hp="1673.05473" hpRegen="6.5" mp="889.8" mpRegen="2.4" />
			<attack physical="388.11142" magical="265.02979" random="10" critical="4" accuracy="4.75" attackSpeed="253" type="FIST" range="40" distance="80" width="120" />
			<defence physical="223.6362" magical="163.64727" />
			<attribute>
				<defence fire="20" water="20" wind="20" earth="20" holy="20" dark="20" />
			</attribute>
			<speed>
				<walk ground="50" />
				<run ground="180" />
			</speed>
		</stats>
		<status undying="false" />
		<skillList>
			<skill id="4408" level="1" /> <!--HP Increase (1x) -->
			<skill id="4409" level="1" /> <!--MP Increase (1x) -->
			<skill id="4410" level="11" /> <!--Average P. Atk. -->
			<skill id="4411" level="11" /> <!--Average M. Atk. -->
			<skill id="4412" level="11" /> <!--Average P. Def. -->
			<skill id="4413" level="11" /> <!--Average M. Def. -->
			<skill id="4414" level="2" /> <!--Standard Type -->
			<skill id="4415" level="1" /> <!--Bare Hands -->
			<skill id="4416" level="15" /> <!--Elves -->
		</skillList>
		<shots soul="2" spirit="2" />
		<exCrtEffect>false</exCrtEffect>
		<ai type="BALANCED" />
		<collision>
			<radius normal="8" />
			<height normal="23.5" />
		</collision>
	</npc>
	<npc id="113171" level="55" displayId="13171" usingServerSideName="true" title="L2J NPC Bot" usingServerSideTitle="true" type="L2Npc" name="Dark Elf Female Mercenary">
		<!-- Confirmed CT2.5 -->
		<race>DARK_ELF</race>
		<sex>FEMALE</sex>
		<stats str="40" int="21" dex="30" wit="20" con="43" men="25">
			<vitals hp="1673.05473" hpRegen="6.5" mp="889.8" mpRegen="2.4" />
			<attack physical="388.11142" magical="265.02979" random="10" critical="4" accuracy="4.75" attackSpeed="253" type="FIST" range="40" distance="80" width="120" />
			<defence physical="223.6362" magical="163.64727" />
			<attribute>
				<defence fire="20" water="20" wind="20" earth="20" holy="20" dark="20" />
			</attribute>
			<speed>
				<walk ground="50" />
				<run ground="180" />
			</speed>
		</stats>
		<status undying="false" />
		<skillList>
			<skill id="4408" level="1" /> <!--HP Increase (1x) -->
			<skill id="4409" level="1" /> <!--MP Increase (1x) -->
			<skill id="4410" level="11" /> <!--Average P. Atk. -->
			<skill id="4411" level="11" /> <!--Average M. Atk. -->
			<skill id="4412" level="11" /> <!--Average P. Def. -->
			<skill id="4413" level="11" /> <!--Average M. Def. -->
			<skill id="4414" level="2" /> <!--Standard Type -->
			<skill id="4415" level="1" /> <!--Bare Hands -->
			<skill id="4416" level="16" /> <!--Dark Elves -->
		</skillList>
		<shots soul="2" spirit="2" />
		<exCrtEffect>false</exCrtEffect>
		<ai type="BALANCED" />
		<collision>
			<radius normal="7" />
			<height normal="25" />
		</collision>
	</npc>
	<npc id="113172" level="55" displayId="13172" usingServerSideName="true" title="L2J NPC Bot" usingServerSideTitle="true" type="L2Npc" name="Orc Male Mercenary">
		<!-- Confirmed CT2.5 -->
		<race>ORC</race>
		<sex>MALE</sex>
		<stats str="40" int="21" dex="30" wit="20" con="43" men="25">
			<vitals hp="1673.05473" hpRegen="6.5" mp="889.8" mpRegen="2.4" />
			<attack physical="388.11142" magical="265.02979" random="10" critical="4" accuracy="4.75" attackSpeed="253" type="FIST" range="40" distance="80" width="120" />
			<defence physical="223.6362" magical="163.64727" />
			<attribute>
				<defence fire="20" water="20" wind="20" earth="20" holy="20" dark="20" />
			</attribute>
			<speed>
				<walk ground="50" />
				<run ground="180" />
			</speed>
		</stats>
		<status undying="false" />
		<skillList>
			<skill id="4408" level="1" /> <!--HP Increase (1x) -->
			<skill id="4409" level="1" /> <!--MP Increase (1x) -->
			<skill id="4410" level="11" /> <!--Average P. Atk. -->
			<skill id="4411" level="11" /> <!--Average M. Atk. -->
			<skill id="4412" level="11" /> <!--Average P. Def. -->
			<skill id="4413" level="11" /> <!--Average M. Def. -->
			<skill id="4414" level="2" /> <!--Standard Type -->
			<skill id="4415" level="1" /> <!--Bare Hands -->
			<skill id="4416" level="17" /> <!--Orcs -->
		</skillList>
		<shots soul="2" spirit="2" />
		<exCrtEffect>false</exCrtEffect>
		<ai type="BALANCED" />
		<collision>
			<radius normal="8" />
			<height normal="27" />
		</collision>
	</npc>
	<npc id="113173" level="55" displayId="13173" usingServerSideName="true" title="L2J NPC Bot" usingServerSideTitle="true" type="L2Npc" name="Dwarf Male Mercenary">
		<!-- Confirmed CT2.5 -->
		<race>DWARF</race>
		<sex>MALE</sex>
		<stats str="40" int="21" dex="30" wit="20" con="43" men="25">
			<vitals hp="1673.05473" hpRegen="6.5" mp="889.8" mpRegen="2.4" />
			<attack physical="388.11142" magical="265.02979" random="10" critical="4" accuracy="4.75" attackSpeed="253" type="FIST" range="40" distance="80" width="120" />
			<defence physical="223.6362" magical="163.64727" />
			<attribute>
				<defence fire="20" water="20" wind="20" earth="20" holy="20" dark="20" />
			</attribute>
			<speed>
				<walk ground="50" />
				<run ground="180" />
			</speed>
		</stats>
		<status undying="false" />
		<skillList>
			<skill id="4408" level="1" /> <!--HP Increase (1x) -->
			<skill id="4409" level="1" /> <!--MP Increase (1x) -->
			<skill id="4410" level="11" /> <!--Average P. Atk. -->
			<skill id="4411" level="11" /> <!--Average M. Atk. -->
			<skill id="4412" level="11" /> <!--Average P. Def. -->
			<skill id="4413" level="11" /> <!--Average M. Def. -->
			<skill id="4414" level="2" /> <!--Standard Type -->
			<skill id="4415" level="1" /> <!--Bare Hands -->
			<skill id="4416" level="18" /> <!--Dwarves -->
		</skillList>
		<shots soul="2" spirit="2" />
		<exCrtEffect>false</exCrtEffect>
		<ai type="BALANCED" />
		<collision>
			<radius normal="8" />
			<height normal="19" />
		</collision>
	</npc>
	<npc id="113174" level="55" displayId="13174" usingServerSideName="true" title="L2J NPC Bot" usingServerSideTitle="true" type="L2Npc" name="Kamael Male Mercenary">
		<!-- Confirmed CT2.5 -->
		<race>KAMAEL</race>
		<sex>MALE</sex>
		<stats str="40" int="21" dex="30" wit="20" con="43" men="25">
			<vitals hp="1673.05473" hpRegen="6.5" mp="889.8" mpRegen="2.4" />
			<attack physical="388.11142" magical="265.02979" random="10" critical="4" accuracy="4.75" attackSpeed="253" type="FIST" range="40" distance="80" width="120" />
			<defence physical="223.6362" magical="163.64727" />
			<attribute>
				<defence fire="20" water="20" wind="20" earth="20" holy="20" dark="20" />
			</attribute>
			<speed>
				<walk ground="39" />
				<run ground="180" />
			</speed>
			<hitTime>490</hitTime>
		</stats>
		<status undying="false" />
		<skillList>
			<skill id="4408" level="1" /> <!--HP Increase (1x) -->
			<skill id="4409" level="1" /> <!--MP Increase (1x) -->
			<skill id="4410" level="11" /> <!--Average P. Atk. -->
			<skill id="4411" level="11" /> <!--Average M. Atk. -->
			<skill id="4412" level="11" /> <!--Average P. Def. -->
			<skill id="4413" level="11" /> <!--Average M. Def. -->
			<skill id="4414" level="2" /> <!--Standard Type -->
			<skill id="4415" level="1" /> <!--Bare Hands -->
			<skill id="4416" level="25" /> <!--Kamael -->
		</skillList>
		<shots soul="2" spirit="2" />
		<exCrtEffect>false</exCrtEffect>
		<ai type="BALANCED" />
		<collision>
			<radius normal="13" />
			<height normal="25" />
		</collision>
	</npc>
	<npc id="113175" level="55" displayId="13175" usingServerSideName="true" title="L2J NPC Bot" usingServerSideTitle="true" type="L2Npc" name="Knight Level Mercenary">
		<!-- Confirmed CT2.5 -->
		<race>HUMAN</race>
		<sex>MALE</sex>
		<stats str="40" int="21" dex="30" wit="20" con="43" men="25">
			<vitals hp="1673.05473" hpRegen="6.5" mp="889.8" mpRegen="2.4" />
			<attack physical="388.11142" magical="265.02979" random="10" critical="4" accuracy="4.75" attackSpeed="253" type="FIST" range="40" distance="80" width="120" />
			<defence physical="223.6362" magical="163.64727" />
			<attribute>
				<defence fire="20" water="20" wind="20" earth="20" holy="20" dark="20" />
			</attribute>
			<speed>
				<walk ground="50" />
				<run ground="180" />
			</speed>
		</stats>
		<status undying="false" />
		<skillList>
			<skill id="4408" level="1" /> <!--HP Increase (1x) -->
			<skill id="4409" level="1" /> <!--MP Increase (1x) -->
			<skill id="4410" level="11" /> <!--Average P. Atk. -->
			<skill id="4411" level="11" /> <!--Average M. Atk. -->
			<skill id="4412" level="11" /> <!--Average P. Def. -->
			<skill id="4413" level="11" /> <!--Average M. Def. -->
			<skill id="4414" level="2" /> <!--Standard Type -->
			<skill id="4415" level="1" /> <!--Bare Hands -->
			<skill id="4416" level="14" /> <!--Humans -->
		</skillList>
		<shots soul="2" spirit="2" />
		<exCrtEffect>false</exCrtEffect>
		<ai type="BALANCED" />
		<collision>
			<radius normal="7" />
			<height normal="24" />
		</collision>
	</npc>
	<npc id="113176" level="55" displayId="13176" usingServerSideName="true" title="L2J NPC Bot" usingServerSideTitle="true" type="L2Npc" name="Archer Level Mercenary">
		<!-- Confirmed CT2.5 -->
		<race>ELF</race>
		<sex>MALE</sex>
		<equipment rhand="15302" /> <!-- rhand: Transparent Bow (for NPC) -->
		<stats str="40" int="21" dex="30" wit="20" con="43" men="25">
			<vitals hp="1673.05473" hpRegen="6.5" mp="889.8" mpRegen="2.4" />
			<attack physical="388.11142" magical="265.02979" random="10" critical="8" accuracy="0" attackSpeed="253" reuseDelay="1500" type="BOW" range="1100" distance="10" width="0" />
			<defence physical="223.6362" magical="163.64727" />
			<attribute>
				<defence fire="20" water="20" wind="20" earth="20" holy="20" dark="20" />
			</attribute>
			<speed>
				<walk ground="30" />
				<run ground="180" />
			</speed>
		</stats>
		<status undying="false" />
		<skillList>
			<skill id="4408" level="1" /> <!--HP Increase (1x) -->
			<skill id="4409" level="1" /> <!--MP Increase (1x) -->
			<skill id="4410" level="11" /> <!--Average P. Atk. -->
			<skill id="4411" level="11" /> <!--Average M. Atk. -->
			<skill id="4412" level="11" /> <!--Average P. Def. -->
			<skill id="4413" level="11" /> <!--Average M. Def. -->
			<skill id="4414" level="2" /> <!--Standard Type -->
			<skill id="4415" level="9" /> <!--Bows -->
			<skill id="4416" level="15" /> <!--Elves -->
		</skillList>
		<shots soul="2" spirit="2" />
		<exCrtEffect>false</exCrtEffect>
		<ai type="BALANCED" />
		<collision>
			<radius normal="10" />
			<height normal="23.5" />
		</collision>
	</npc>
	<npc id="113177" level="55" displayId="13177" usingServerSideName="true" title="L2J NPC Bot" usingServerSideTitle="true" type="L2Npc" name="Wizard Level Mercenary">
		<!-- Confirmed CT2.5 -->
		<race>HUMAN</race>
		<sex>FEMALE</sex>
		<stats str="40" int="21" dex="30" wit="20" con="43" men="25">
			<vitals hp="1673.05473" hpRegen="6.5" mp="889.8" mpRegen="2.4" />
			<attack physical="388.11142" magical="265.02979" random="10" critical="4" accuracy="4.75" attackSpeed="253" type="FIST" range="40" distance="80" width="120" />
			<defence physical="223.6362" magical="163.64727" />
			<attribute>
				<defence fire="20" water="20" wind="20" earth="20" holy="20" dark="20" />
			</attribute>
			<speed>
				<walk ground="28" />
				<run ground="180" />
			</speed>
		</stats>
		<status undying="false" />
		<skillList>
			<skill id="4408" level="1" /> <!--HP Increase (1x) -->
			<skill id="4409" level="1" /> <!--MP Increase (1x) -->
			<skill id="4410" level="11" /> <!--Average P. Atk. -->
			<skill id="4411" level="11" /> <!--Average M. Atk. -->
			<skill id="4412" level="11" /> <!--Average P. Def. -->
			<skill id="4413" level="11" /> <!--Average M. Def. -->
			<skill id="4414" level="2" /> <!--Standard Type -->
			<skill id="4415" level="1" /> <!--Bare Hands -->
			<skill id="4416" level="14" /> <!--Humans -->
		</skillList>
		<shots soul="2" spirit="2" />
		<exCrtEffect>false</exCrtEffect>
		<ai type="BALANCED" />
		<collision>
			<radius normal="9" />
			<height normal="23.5" />
		</collision>
	</npc>
	<npc id="113178" level="55" displayId="13179" usingServerSideName="true" title="L2J NPC Bot" usingServerSideTitle="true" type="L2Npc" name="Trooper Level Mercenary">
		<!-- Confirmed CT2.5 -->
		<race>KAMAEL</race>
		<sex>FEMALE</sex>
		<stats str="40" int="21" dex="30" wit="20" con="43" men="25">
			<vitals hp="1673.05473" hpRegen="6.5" mp="889.8" mpRegen="2.4" />
			<attack physical="388.11142" magical="265.02979" random="10" critical="4" accuracy="4.75" attackSpeed="253" type="FIST" range="40" distance="80" width="120" />
			<defence physical="223.6362" magical="163.64727" />
			<attribute>
				<defence fire="20" water="20" wind="20" earth="20" holy="20" dark="20" />
			</attribute>
			<speed>
				<walk ground="48" />
				<run ground="180" />
			</speed>
			<hitTime>430</hitTime>
		</stats>
		<status undying="false" />
		<skillList>
			<skill id="4408" level="1" /> <!--HP Increase (1x) -->
			<skill id="4409" level="1" /> <!--MP Increase (1x) -->
			<skill id="4410" level="11" /> <!--Average P. Atk. -->
			<skill id="4411" level="11" /> <!--Average M. Atk. -->
			<skill id="4412" level="11" /> <!--Average P. Def. -->
			<skill id="4413" level="11" /> <!--Average M. Def. -->
			<skill id="4414" level="2" /> <!--Standard Type -->
			<skill id="4415" level="1" /> <!--Bare Hands -->
			<skill id="4416" level="25" /> <!--Kamael -->
		</skillList>
		<shots soul="2" spirit="2" />
		<exCrtEffect>false</exCrtEffect>
		<ai type="BALANCED" />
		<collision>
			<radius normal="13" />
			<height normal="22.5" />
		</collision>
	</npc>
	<npc id="113179" level="55" displayId="13179" usingServerSideName="true" title="L2J NPC Bot" usingServerSideTitle="true" type="L2Npc" name="Knight Leader Elite Mercenary">
		<!-- Confirmed CT2.5 -->
		<race>HUMAN</race>
		<sex>MALE</sex>
		<stats str="40" int="21" dex="30" wit="20" con="43" men="25">
			<vitals hp="1673.05473" hpRegen="6.5" mp="889.8" mpRegen="2.4" />
			<attack physical="388.11142" magical="265.02979" random="10" critical="4" accuracy="4.75" attackSpeed="253" type="FIST" range="40" distance="80" width="120" />
			<defence physical="223.6362" magical="163.64727" />
			<attribute>
				<defence fire="20" water="20" wind="20" earth="20" holy="20" dark="20" />
			</attribute>
			<speed>
				<walk ground="36.48" />
				<run ground="180" />
			</speed>
		</stats>
		<status undying="false" />
		<skillList>
			<skill id="4408" level="1" /> <!--HP Increase (1x) -->
			<skill id="4409" level="1" /> <!--MP Increase (1x) -->
			<skill id="4410" level="11" /> <!--Average P. Atk. -->
			<skill id="4411" level="11" /> <!--Average M. Atk. -->
			<skill id="4412" level="11" /> <!--Average P. Def. -->
			<skill id="4413" level="11" /> <!--Average M. Def. -->
			<skill id="4414" level="2" /> <!--Standard Type -->
			<skill id="4415" level="1" /> <!--Bare Hands -->
			<skill id="4416" level="14" /> <!--Humans -->
		</skillList>
		<shots soul="2" spirit="2" />
		<exCrtEffect>false</exCrtEffect>
		<ai type="BALANCED" />
		<collision>
			<radius normal="12" />
			<height normal="24.5" />
		</collision>
	</npc>
	<npc id="113180" level="55" displayId="13180" usingServerSideName="true" title="L2J NPC Bot" usingServerSideTitle="true" type="L2Npc" name="Commander Elite Mercenary">
		<!-- Confirmed CT2.5 -->
		<race>DARK_ELF</race>
		<sex>MALE</sex>
		<stats str="40" int="21" dex="30" wit="20" con="43" men="25">
			<vitals hp="1673.05473" hpRegen="6.5" mp="889.8" mpRegen="2.4" />
			<attack physical="388.11142" magical="265.02979" random="10" critical="4" accuracy="4.75" attackSpeed="253" type="FIST" range="40" distance="80" width="120" />
			<defence physical="223.6362" magical="163.64727" />
			<attribute>
				<defence fire="20" water="20" wind="20" earth="20" holy="20" dark="20" />
			</attribute>
			<speed>
				<walk ground="29.8" />
				<run ground="180" />
			</speed>
		</stats>
		<status undying="false" />
		<skillList>
			<skill id="4408" level="1" /> <!--HP Increase (1x) -->
			<skill id="4409" level="1" /> <!--MP Increase (1x) -->
			<skill id="4410" level="11" /> <!--Average P. Atk. -->
			<skill id="4411" level="11" /> <!--Average M. Atk. -->
			<skill id="4412" level="11" /> <!--Average P. Def. -->
			<skill id="4413" level="11" /> <!--Average M. Def. -->
			<skill id="4414" level="2" /> <!--Standard Type -->
			<skill id="4415" level="1" /> <!--Bare Hands -->
			<skill id="4416" level="16" /> <!--Dark Elves -->
		</skillList>
		<shots soul="2" spirit="2" />
		<exCrtEffect>false</exCrtEffect>
		<ai type="BALANCED" />
		<collision>
			<radius normal="10" />
			<height normal="26.985" />
		</collision>
	</npc>
	<npc id="113148" level="55" displayId="13148" usingServerSideName="true" title="L2J Monster Bot" usingServerSideTitle="true" type="L2Monster" name="Lindvior">
		<!-- Confirmed CT2.5 -->
		<race>DRAGON</race>
		<sex>FEMALE</sex>
		<stats str="40" int="21" dex="30" wit="20" con="43" men="25">
			<vitals hp="1673.05473" hpRegen="6.5" mp="889.8" mpRegen="2.4" />
			<attack physical="388.11142" magical="265.02979" random="10" critical="4" accuracy="4.75" attackSpeed="253" type="FIST" range="40" distance="80" width="120" />
			<defence physical="223.6362" magical="163.64727" />
			<attribute>
				<defence fire="20" water="20" wind="20" earth="20" holy="20" dark="20" />
			</attribute>
			<speed>
				<walk ground="100" />
				<run ground="180" />
			</speed>
		</stats>
		<status targetable="false" undying="false" showName="false" flying="true" />
		<skillList>
			<skill id="4408" level="1" /> <!--HP Increase (1x) -->
			<skill id="4409" level="1" /> <!--MP Increase (1x) -->
			<skill id="4410" level="11" /> <!--Average P. Atk. -->
			<skill id="4411" level="11" /> <!--Average M. Atk. -->
			<skill id="4412" level="11" /> <!--Average P. Def. -->
			<skill id="4413" level="11" /> <!--Average M. Def. -->
			<skill id="4414" level="2" /> <!--Standard Type -->
			<skill id="4415" level="1" /> <!--Bare Hands -->
			<skill id="4416" level="10" /> <!--Dragons -->
		</skillList>
		<shots soul="2" spirit="2" />
		<exCrtEffect>false</exCrtEffect>
		<ai type="BALANCED" isAggressive="true" />
		<collision>
			<radius normal="190" />
			<height normal="390.6" />
		</collision>
	</npc>
</list>