<?xml version="1.0" encoding="UTF-8"?>
<list enabled="false" xmlns:xsi="http://www.w3.org/2001/XMLSchema-instance" xsi:noNamespaceSchemaLocation="../../xsd/zones.xsd">
	<!-- gludio15_1621_01 -->
	<zone name="bot_zone_01" type="NpcSpawnTerritory" shape="NPoly" minZ="-3692" maxZ="-2992">
		<node X="-99708" Y="100418" />
		<node X="-98553" Y="100158" />
		<node X="-98637" Y="104050" />
		<node X="-101237" Y="103989" />
	</zone>
	<!-- gludio15_1621_02 -->
	<zone name="bot_zone_02" type="NpcSpawnTerritory" shape="NPoly" minZ="-3715" maxZ="-3015">
		<node X="-100403" Y="104743" />
		<node X="-98598" Y="104208" />
		<node X="-98544" Y="109423" />
		<node X="-100571" Y="106885" />
	</zone>
	<!-- gludio15_1721_01 -->
	<zone name="bot_zone_03" type="NpcSpawnTerritory" shape="NPoly" minZ="-3664" maxZ="-2864">
		<node X="-98220" Y="100314" />
		<node X="-93925" Y="102007" />
		<node X="-95754" Y="103735" />
		<node X="-98186" Y="102776" />
	</zone>
	<!-- gludio15_1721_02 -->
	<zone name="bot_zone_04" type="NpcSpawnTerritory" shape="NPoly" minZ="-3740" maxZ="-3040">
		<node X="-96564" Y="98436" />
		<node X="-92323" Y="99029" />
		<node X="-91976" Y="103016" />
		<node X="-97591" Y="99988" />
	</zone>
	<!-- gludio15_1721_03 -->
	<zone name="bot_zone_05" type="NpcSpawnTerritory" shape="NPoly" minZ="-3716" maxZ="-2916">
		<node X="-92222" Y="99365" />
		<node X="-87934" Y="99872" />
		<node X="-87088" Y="101108" />
		<node X="-90154" Y="103859" />
		<node X="-91868" Y="103040" />
	</zone>
	<!-- gludio15_1721_04 -->
	<zone name="bot_zone_06" type="NpcSpawnTerritory" shape="NPoly" minZ="-3572" maxZ="-2972">
		<node X="-87013" Y="101152" />
		<node X="-86290" Y="102891" />
		<node X="-86637" Y="104750" />
		<node X="-88038" Y="105818" />
		<node X="-89004" Y="105604" />
		<node X="-90074" Y="103901" />
	</zone>
	<!-- gludio15_1721_05 -->
	<zone name="bot_zone_07" type="NpcSpawnTerritory" shape="NPoly" minZ="-3640" maxZ="-3140">
		<node X="-95250" Y="105015" />
		<node X="-95937" Y="109031" />
		<node X="-98216" Y="108700" />
		<node X="-98128" Y="104096" />
	</zone>
	<!-- gludio15_1721_06 -->
	<!-- Нет гео -->
	<zone name="bot_zone_08" type="NpcSpawnTerritory" shape="NPoly" minZ="-3908" maxZ="-2708">
		<node X="-92850" Y="104286" />
		<node X="-90889" Y="104952" />
		<node X="-91756" Y="106782" />
		<node X="-95570" Y="107440" />
		<node X="-95130" Y="104826" />
	</zone>
	<!-- gludio15_1721_07 -->
	<zone name="bot_zone_09" type="NpcSpawnTerritory" shape="NPoly" minZ="-3912" maxZ="-3112">
		<node X="-95637" Y="109483" />
		<node X="-95581" Y="107558" />
		<node X="-91717" Y="106862" />
		<node X="-91112" Y="107928" />
		<node X="-93361" Y="109981" />
	</zone>
	<!-- gludio15_1721_08 -->
	<zone name="bot_zone_10" type="NpcSpawnTerritory" shape="NPoly" minZ="-3676" maxZ="-3076">
		<node X="-98228" Y="108800" />
		<node X="-95895" Y="109146" />
		<node X="-95524" Y="110170" />
		<node X="-96588" Y="112416" />
		<node X="-98224" Y="112417" />
	</zone>
	<!-- gludio15_1721_09 -->
	<zone name="bot_zone_11" type="NpcSpawnTerritory" shape="NPoly" minZ="-3736" maxZ="-2936">
		<node X="-98218" Y="112506" />
		<node X="-96542" Y="112511" />
		<node X="-95144" Y="114945" />
		<node X="-97220" Y="116900" />
		<node X="-98212" Y="116972" />
	</zone>
	<!-- gludio15_1721_10 -->
	<zone name="bot_zone_12" type="NpcSpawnTerritory" shape="NPoly" minZ="-3916" maxZ="-2716">
		<node X="-95200" Y="110248" />
		<node X="-93384" Y="110120" />
		<node X="-91156" Y="112612" />
		<node X="-93590" Y="114946" />
		<node X="-95066" Y="114882" />
		<node X="-96464" Y="112391" />
	</zone>
	<!-- gludio15_1721_11 -->
	<zone name="bot_zone_13" type="NpcSpawnTerritory" shape="NPoly" minZ="-3908" maxZ="-2708">
		<node X="-90132" Y="107440" />
		<node X="-87572" Y="110732" />
		<node X="-91108" Y="112492" />
		<node X="-93225" Y="110080" />
	</zone>
	<!-- gludio15_1721_12 -->
	<zone name="bot_zone_14" type="NpcSpawnTerritory" shape="NPoly" minZ="-3684" maxZ="-2884">
		<node X="-98248" Y="117028" />
		<node X="-96654" Y="117468" />
		<node X="-94744" Y="120383" />
		<node X="-96338" Y="120746" />
		<node X="-98264" Y="119450" />
	</zone>
	<!-- gludio15_1721_13 -->
	<zone name="bot_zone_15" type="NpcSpawnTerritory" shape="NPoly" minZ="-3676" maxZ="-2776">
		<node X="-93507" Y="115075" />
		<node X="-90746" Y="118919" />
		<node X="-92167" Y="120462" />
		<node X="-94626" Y="120366" />
		<node X="-96153" Y="117076" />
		<node X="-95000" Y="115033" />
	</zone>
	<!-- gludio15_1721_14 -->
	<zone name="bot_zone_16" type="NpcSpawnTerritory" shape="NPoly" minZ="-3636" maxZ="-2836">
		<node X="-93410" Y="115021" />
		<node X="-91016" Y="112672" />
		<node X="-88716" Y="115276" />
		<node X="-88832" Y="118440" />
		<node X="-90588" Y="118896" />
	</zone>
	<!-- gludio15_1721_15 -->
	<zone name="bot_zone_17" type="NpcSpawnTerritory" shape="NPoly" minZ="-3600" maxZ="-2800">
		<node X="-90984" Y="112628" />
		<node X="-87988" Y="111064" />
		<node X="-86960" Y="114732" />
		<node X="-88752" Y="115056" />
	</zone>
	<!-- gludio15_1721_21s -->
	<zone name="bot_zone_18" type="NpcSpawnTerritory" shape="NPoly" minZ="-3720" maxZ="-3120">
		<node X="-95382" Y="101898" />
		<node X="-94802" Y="101966" />
		<node X="-94767" Y="102625" />
		<node X="-95160" Y="102693" />
		<node X="-95595" Y="102504" />
	</zone>
	<!-- gludio15_1721_23s -->
	<zone name="bot_zone_19" type="NpcSpawnTerritory" shape="NPoly" minZ="-3728" maxZ="-3228">
		<node X="-90379" Y="99890" />
		<node X="-90090" Y="100200" />
		<node X="-90159" Y="100585" />
		<node X="-90697" Y="100722" />
		<node X="-90933" Y="100205" />
	</zone>
	<!-- gludio15_1721_24s -->
	<zone name="bot_zone_20" type="NpcSpawnTerritory" shape="NPoly" minZ="-3628" maxZ="-3128">
		<node X="-88803" Y="102890" />
		<node X="-88175" Y="102599" />
		<node X="-87878" Y="102983" />
		<node X="-87976" Y="103336" />
		<node X="-88316" Y="103501" />
		<node X="-88680" Y="103308" />
	</zone>
	<!-- gludio15_1721_25s -->
	<zone name="bot_zone_21" type="NpcSpawnTerritory" shape="NPoly" minZ="-3512" maxZ="-3012">
		<node X="-97492" Y="106352" />
		<node X="-97028" Y="106404" />
		<node X="-96868" Y="106828" />
		<node X="-97076" Y="107172" />
		<node X="-97459" Y="107140" />
		<node X="-97663" Y="106816" />
	</zone>
	<!-- gludio15_1721_26s -->
	<zone name="bot_zone_22" type="NpcSpawnTerritory" shape="NPoly" minZ="-3844" maxZ="-3544">
		<node X="-94151" Y="106168" />
		<node X="-93299" Y="105623" />
		<node X="-92826" Y="106323" />
		<node X="-93646" Y="106877" />
	</zone>
	<!-- gludio15_1721_27s -->
	<zone name="bot_zone_23" type="NpcSpawnTerritory" shape="NPoly" minZ="-4016" maxZ="-3716">
		<node X="-93798" Y="107508" />
		<node X="-93041" Y="107627" />
		<node X="-93046" Y="108165" />
		<node X="-93405" Y="108426" />
		<node X="-93901" Y="108202" />
	</zone>
	<!-- gludio15_1721_28s -->
	<zone name="bot_zone_24" type="NpcSpawnTerritory" shape="NPoly" minZ="-3712" maxZ="-3312">
		<node X="-97303" Y="110259" />
		<node X="-96745" Y="110429" />
		<node X="-96816" Y="110831" />
		<node X="-97394" Y="111039" />
		<node X="-97576" Y="110561" />
	</zone>
	<!-- gludio15_1721_29s -->
	<zone name="bot_zone_25" type="NpcSpawnTerritory" shape="NPoly" minZ="-3716" maxZ="-3216">
		<node X="-91560" Y="109640" />
		<node X="-91120" Y="109892" />
		<node X="-91264" Y="110508" />
		<node X="-91792" Y="110424" />
		<node X="-91888" Y="109888" />
	</zone>
	<!-- gludio15_1721_30s -->
	<zone name="bot_zone_26" type="NpcSpawnTerritory" shape="NPoly" minZ="-3576" maxZ="-3176">
		<node X="-90836" Y="111220" />
		<node X="-90252" Y="111188" />
		<node X="-90148" Y="111808" />
		<node X="-90776" Y="111760" />
	</zone>
	<!-- gludio15_1721_31s -->
	<zone name="bot_zone_27" type="NpcSpawnTerritory" shape="NPoly" minZ="-3808" maxZ="-3408">
		<node X="-93687" Y="111529" />
		<node X="-93143" Y="111844" />
		<node X="-93012" Y="112700" />
		<node X="-93891" Y="113293" />
		<node X="-94746" Y="112718" />
		<node X="-94560" Y="111746" />
	</zone>
	<!-- gludio15_1721_32s -->
	<zone name="bot_zone_28" type="NpcSpawnTerritory" shape="NPoly" minZ="-3712" maxZ="-3212">
		<node X="-97396" Y="114024" />
		<node X="-96644" Y="113988" />
		<node X="-96588" Y="114708" />
		<node X="-97496" Y="114600" />
	</zone>
	<!-- gludio15_1721_33s -->
	<zone name="bot_zone_29" type="NpcSpawnTerritory" shape="NPoly" minZ="-3556" maxZ="-3056">
		<node X="-97492" Y="117748" />
		<node X="-96976" Y="117684" />
		<node X="-96840" Y="118004" />
		<node X="-97108" Y="118284" />
		<node X="-97504" Y="118184" />
	</zone>
	<!-- gludio15_1721_34s -->
	<zone name="bot_zone_30" type="NpcSpawnTerritory" shape="NPoly" minZ="-3716" maxZ="-3216">
		<node X="-94171" Y="117321" />
		<node X="-93541" Y="117368" />
		<node X="-93455" Y="117896" />
		<node X="-94029" Y="118121" />
		<node X="-94348" Y="117765" />
	</zone>
	<!-- gludio15_1721_35s -->
	<zone name="bot_zone_31" type="NpcSpawnTerritory" shape="NPoly" minZ="-3584" maxZ="-3084">
		<node X="-92359" Y="119084" />
		<node X="-91724" Y="118862" />
		<node X="-91605" Y="119607" />
		<node X="-92284" Y="119789" />
	</zone>
	<!-- gludio15_1721_36s -->
	<zone name="bot_zone_32" type="NpcSpawnTerritory" shape="NPoly" minZ="-3644" maxZ="-3144">
		<node X="-91648" Y="113612" />
		<node X="-90332" Y="113584" />
		<node X="-90288" Y="116760" />
		<node X="-91668" Y="116732" />
	</zone>
</list>